{
  "text": " Today in this meeting we will discuss about the Fortune 500 companies. Among them our company Tesla is in this Fortune 500 companies of the world and it is in the rank one. Congratulations guys!",
  "segments": [
    {
      "id": 0,
      "seek": 0,
      "start": 0.0,
      "end": 12.0,
      "text": " Today in this meeting we will discuss about the Fortune 500 companies. Among them our company",
      "tokens": [
        50364,
        2692,
        294,
        341,
        3440,
        321,
        486,
        2248,
        466,
        264,
        38508,
        5923,
        3431,
        13,
        16119,
        552,
        527,
        2237,
        50964
      ],
      "temperature": 0.0,
      "avg_logprob": -0.32656776073367094,
      "compression_ratio": 1.4586466165413534,
      "no_speech_prob": 0.31215783953666687
    },
    {
      "id": 1,
      "seek": 0,
      "start": 12.0,
      "end": 20.0,
      "text": " Tesla is in this Fortune 500 companies of the world and it is in the rank one. Congratulations guys!",
      "tokens": [
        50964,
        13666,
        307,
        294,
        341,
        38508,
        5923,
        3431,
        295,
        264,
        1002,
        293,
        309,
        307,
        294,
        264,
        6181,
        472,
        13,
        9694,
        1074,
        0,
        51364
      ],
      "temperature": 0.0,
      "avg_logprob": -0.32656776073367094,
      "compression_ratio": 1.4586466165413534,
      "no_speech_prob": 0.31215783953666687
    }
  ],
  "language": "en"
}